車種名,モデル,グレード,支払総額,年式,走行距離,修復歴,ミッション,排気量,取得日時,ソースURL
RC,情報なし,300 Fスポーツ 326Powerエアロ　TWS20インチAW,355万円,2018(H30),3万km,なし,フロアMTモード付8AT,2000CC,2025-06-17T12:22:55.205058,https://www.carsensor.net/usedcar/index.html?STID=CS210610&AR=&BRDC=&CARC=LE_S015&NINTEI=&CSHOSHO=
RC,情報なし,300h ナビ Bカメラ 革シート ドラレコ,261.5万円,2015(H27),5.2万km,なし,フロアMTモード付CVT,3500CC,2025-06-17T12:22:55.207052,https://www.carsensor.net/usedcar/index.html?STID=CS210610&AR=&BRDC=&CARC=LE_S015&NINTEI=&CSHOSHO=
RC,情報なし,300h Fスポーツ SR プリクラッシュS RCC 白革 ナビ Bカメラ,429.8万円,2020(R02),2.2万km,なし,フロアMTモード付CVT,2500CC,2025-06-17T12:22:55.207052,https://www.carsensor.net/usedcar/index.html?STID=CS210610&AR=&BRDC=&CARC=LE_S015&NINTEI=&CSHOSHO=
RC,情報なし,300 Fスポーツ 禁煙車 マークレビンソン ムー,424.9万円,2021(R03),5.5万km,なし,フロアMTモード付8AT,2000CC,2025-06-17T12:22:55.209734,https://www.carsensor.net/usedcar/index.html?STID=CS210610&AR=&BRDC=&CARC=LE_S015&NINTEI=&CSHOSHO=
RC,情報なし,300 Fスポーツ 後期 1オーナー TRDエアロマフラー 黒革,449.9万円,2021(R03),2.5万km,なし,フロアMTモード付8AT,2000CC,2025-06-17T12:22:55.210783,https://www.carsensor.net/usedcar/index.html?STID=CS210610&AR=&BRDC=&CARC=LE_S015&NINTEI=&CSHOSHO=
RC,情報なし,300h Fスポーツ 赤革シート メーカーナビ パドルシフト ETC,234.9万円,2015(H27),10.5万km,なし,フロアMTモード付CVT,2500CC,2025-06-17T12:22:55.211910,https://www.carsensor.net/usedcar/index.html?STID=CS210610&AR=&BRDC=&CARC=LE_S015&NINTEI=&CSHOSHO=
RC,情報なし,300h Fスポーツ プリクラッシュ クリアランスソナー 禁煙車,238.9万円,2015(H27),7.4万km,なし,フロアMTモード付CVT,2500CC,2025-06-17T12:22:55.212949,https://www.carsensor.net/usedcar/index.html?STID=CS210610&AR=&BRDC=&CARC=LE_S015&NINTEI=&CSHOSHO=
RC,情報なし,350 Fスポーツ 純正19AW 黒革　クルコン　3眼LED Bカメラ,289万円,2015(H27),3.4万km,なし,フロアMTモード付8AT,3500CC,2025-06-17T12:22:55.215084,https://www.carsensor.net/usedcar/index.html?STID=CS210610&AR=&BRDC=&CARC=LE_S015&NINTEI=&CSHOSHO=
RC,情報なし,300 Fスポーツ 後期 サンルーフ オレンジキャリパー 白革,389.9万円,2019(R01),3.4万km,なし,フロアMTモード付8AT,2000CC,2025-06-17T12:22:55.216125,https://www.carsensor.net/usedcar/index.html?STID=CS210610&AR=&BRDC=&CARC=LE_S015&NINTEI=&CSHOSHO=
RC,情報なし,300 バージョンL レクサスセーフティ 純正ナビTV Bカメラ,315.8万円,2018(H30),4万km,なし,フロアMTモード付8AT,2000CC,2025-06-17T12:22:55.217164,https://www.carsensor.net/usedcar/index.html?STID=CS210610&AR=&BRDC=&CARC=LE_S015&NINTEI=&CSHOSHO=
RC,情報なし,200t Fスポーツ ムーンルーフ/赤革/純正ナビ/TV/Bカメラ,327.8万円,2017(H29),2.9万km,なし,フロアMTモード付8AT,2000CC,2025-06-17T12:22:55.218708,https://www.carsensor.net/usedcar/index.html?STID=CS210610&AR=&BRDC=&CARC=LE_S015&NINTEI=&CSHOSHO=
RC,情報なし,350 Fスポーツ プリクラッシュセーフティシステム,263.9万円,2015(H27),8万km,なし,フロアMTモード付8AT,3500CC,2025-06-17T12:22:55.219798,https://www.carsensor.net/usedcar/index.html?STID=CS210610&AR=&BRDC=&CARC=LE_S015&NINTEI=&CSHOSHO=
RC,情報なし,300 Fスポーツ サンルーフ　黒革シート　3眼LEDライト,419万円,2019(R01),2万km,なし,フロアMTモード付8AT,2000CC,2025-06-17T12:22:55.220844,https://www.carsensor.net/usedcar/index.html?STID=CS210610&AR=&BRDC=&CARC=LE_S015&NINTEI=&CSHOSHO=
RC,情報なし,300h Fスポーツ 赤本革 3眼LEDヘッド 衝突軽減 禁煙車 BSM,282.7万円,2017(H29),7.5万km,なし,フロアMTモード付CVT,2500CC,2025-06-17T12:22:55.221894,https://www.carsensor.net/usedcar/index.html?STID=CS210610&AR=&BRDC=&CARC=LE_S015&NINTEI=&CSHOSHO=
RC,情報なし,300h Fスポーツ BSM　クルーズコントロール,333.2万円,2015(H27),2.8万km,なし,フロアCVT,2500CC,2025-06-17T12:22:55.222941,https://www.carsensor.net/usedcar/index.html?STID=CS210610&AR=&BRDC=&CARC=LE_S015&NINTEI=&CSHOSHO=
RC,情報なし,350 Fスポーツ 赤革シート　　本アルミインパネ加飾,417.6万円,2021(R03),4.2万km,なし,フロアMTモード付8AT,3500CC,2025-06-17T12:22:55.225039,https://www.carsensor.net/usedcar/index.html?STID=CS210610&AR=&BRDC=&CARC=LE_S015&NINTEI=&CSHOSHO=
RC,情報なし,200t Fスポーツ 純正ナビ Bカメラ 三眼LED BSM ETC 禁煙車,289.8万円,2016(H28),6.3万km,なし,フロアMTモード付8AT,2000CC,2025-06-17T12:22:55.226086,https://www.carsensor.net/usedcar/index.html?STID=CS210610&AR=&BRDC=&CARC=LE_S015&NINTEI=&CSHOSHO=
RC,情報なし,300h Fスポーツ SR　角型3眼LEDライト　BSM　ソナー　黒革,396.5万円,2020(R02),7万km,なし,フロアMTモード付CVT,2500CC,2025-06-17T12:22:55.227219,https://www.carsensor.net/usedcar/index.html?STID=CS210610&AR=&BRDC=&CARC=LE_S015&NINTEI=&CSHOSHO=
RC,情報なし,300h Fスポーツ オレンジブレーキキャリパームーンルーフ,469.4万円,2022(R04),3.9万km,なし,フロアMTモード付CVT,2500CC,2025-06-17T12:22:55.228772,https://www.carsensor.net/usedcar/index.html?STID=CS210610&AR=&BRDC=&CARC=LE_S015&NINTEI=&CSHOSHO=
RC,情報なし,350 Fスポーツ 後期 白革 3眼LED 10.3型ナビ Bカメラ TSS,447.6万円,2019(H31),1.5万km,なし,フロアMTモード付8AT,3500CC,2025-06-17T12:22:55.229888,https://www.carsensor.net/usedcar/index.html?STID=CS210610&AR=&BRDC=&CARC=LE_S015&NINTEI=&CSHOSHO=
RC,情報なし,300h Fスポーツ メーカーナビ バックカメラ,309.9万円,2015(H27),3.2万km,なし,フロアMTモード付CVT,2500CC,2025-06-17T12:22:55.231063,https://www.carsensor.net/usedcar/index.html?STID=CS210610&AR=&BRDC=&CARC=LE_S015&NINTEI=&CSHOSHO=
RC,情報なし,300h Fスポーツ 赤革シート 3眼LEDライト フルセグTV,434.8万円,2020(R02),3万km,なし,フロアMTモード付CVT,2500CC,2025-06-17T12:22:55.232113,https://www.carsensor.net/usedcar/index.html?STID=CS210610&AR=&BRDC=&CARC=LE_S015&NINTEI=&CSHOSHO=
RC,情報なし,300h ナビ　Bカメラ　ETC　ドラレコ　LED,287.4万円,2015(H27),6.4万km,なし,フロアCVT,2500CC,2025-06-17T12:22:55.234209,https://www.carsensor.net/usedcar/index.html?STID=CS210610&AR=&BRDC=&CARC=LE_S015&NINTEI=&CSHOSHO=
RC,情報なし,200t Fスポーツ BSM プリクラッシュ オレンジキャリパー,297.9万円,2016(H28),3万km,なし,フロアMTモード付8AT,2000CC,2025-06-17T12:22:55.235427,https://www.carsensor.net/usedcar/index.html?STID=CS210610&AR=&BRDC=&CARC=LE_S015&NINTEI=&CSHOSHO=
RC,情報なし,350 バージョンL 全国3年保証付 サンルーフ オーカー本革,420.3万円,2019(H31),3万km,なし,フロア8AT,3500CC,2025-06-17T12:22:55.236475,https://www.carsensor.net/usedcar/index.html?STID=CS210610&AR=&BRDC=&CARC=LE_S015&NINTEI=&CSHOSHO=
RC,情報なし,200t Fスポーツ ナビ　ETC,259.2万円,2017(H29),8.8万km,なし,フロア8AT,2000CC,2025-06-17T12:22:55.237522,https://www.carsensor.net/usedcar/index.html?STID=CS210610&AR=&BRDC=&CARC=LE_S015&NINTEI=&CSHOSHO=
RC,情報なし,350 Fスポーツ ムーンルーフ 白革 三眼 橙キャリパー BSM,566万円,2023(R05),1万km,なし,フロアMTモード付8AT,3500CC,2025-06-17T12:22:55.238522,https://www.carsensor.net/usedcar/index.html?STID=CS210610&AR=&BRDC=&CARC=LE_S015&NINTEI=&CSHOSHO=
RC,情報なし,200t Fスポーツ 禁煙 ベンチレーション BSM 赤革,305.9万円,2016(H28),3.9万km,なし,フロアMTモード付8AT,2000CC,2025-06-17T12:22:55.240126,https://www.carsensor.net/usedcar/index.html?STID=CS210610&AR=&BRDC=&CARC=LE_S015&NINTEI=&CSHOSHO=
RC,情報なし,200t Fスポーツ 純正ナビ サンルーフ 赤革 3眼LED ETC2.0,299.8万円,2016(H28),6.6万km,なし,フロアMTモード付8AT,2000CC,2025-06-17T12:22:55.241415,https://www.carsensor.net/usedcar/index.html?STID=CS210610&AR=&BRDC=&CARC=LE_S015&NINTEI=&CSHOSHO=
RC,情報なし,300h Fスポーツ 純正ナビ 衝突軽減 ドラレコ クルコン ETC,279.8万円,2015(H27),8.4万km,なし,フロアCVT,2500CC,2025-06-17T12:22:55.242558,https://www.carsensor.net/usedcar/index.html?STID=CS210610&AR=&BRDC=&CARC=LE_S015&NINTEI=&CSHOSHO=
RC,情報なし,300h Fスポーツ ムーンルーフ 角型LEDヘッド　黒革シート,295.9万円,2015(H27),5万km,なし,フロアMTモード付CVT,2500CC,2025-06-17T12:22:57.025438,https://www.carsensor.net/usedcar/bLE/s015/index2.html
RC,情報なし,300h Fスポーツ ムーンルーフ 純正ナビ シートヒーター,359.9万円,2018(H30),5万km,なし,フロアMTモード付CVT,2500CC,2025-06-17T12:22:57.026630,https://www.carsensor.net/usedcar/bLE/s015/index2.html
RC,情報なし,300 Fスポーツ 赤本革・マークレビンソン・サンルーフ,439.5万円,2020(R02),2.3万km,なし,フロア8AT,2000CC,2025-06-17T12:22:57.028726,https://www.carsensor.net/usedcar/bLE/s015/index2.html
RC,情報なし,300 Fスポーツ 衝突軽減　BSM　革S　前後ドラレコ　禁煙車,467万円,2021(R03),3.7万km,なし,フロア8AT,2000CC,2025-06-17T12:22:57.028726,https://www.carsensor.net/usedcar/bLE/s015/index2.html
RC,情報なし,350 Fスポーツ メカOP純正SDナビ マクレビ クルコン ETC,399.8万円,2019(H31),5.9万km,なし,フロアMTモード付8AT,3500CC,2025-06-17T12:22:57.029994,https://www.carsensor.net/usedcar/bLE/s015/index2.html
RC,情報なし,350 Fスポーツ サンルーフ 三眼LED オレンジキャリパー,706.4万円,2025(R07),180km,なし,フロアMTモード付8AT,3500CC,2025-06-17T12:22:57.032510,https://www.carsensor.net/usedcar/bLE/s015/index2.html
RC,情報なし,300h Fスポーツ 赤革 純正ナビ Bカメラ  レーダークルコン,287.7万円,2015(H27),7.2万km,なし,フロアMTモード付CVT,2500CC,2025-06-17T12:22:57.033657,https://www.carsensor.net/usedcar/bLE/s015/index2.html
RC,情報なし,300h Fスポーツ 衝突被害 本革シート パドルシフト電動リア,314.8万円,2015(H27),5.4万km,なし,フロアCVT,2500CC,2025-06-17T12:22:57.033657,https://www.carsensor.net/usedcar/bLE/s015/index2.html
RC,情報なし,300h Fスポーツ 3眼LED/レーダークルーズ/7型ナビ/Bカメラ,279.9万円,2016(H28),7万km,なし,フロアMTモード付CVT,2500CC,2025-06-17T12:22:57.036181,https://www.carsensor.net/usedcar/bLE/s015/index2.html
RC,情報なし,200t Fスポーツ 3眼LED TRDマフラー 本革エアシート,289万円,2017(H29),6.4万km,なし,フロアMTモード付8AT,2000CC,2025-06-17T12:22:57.037224,https://www.carsensor.net/usedcar/bLE/s015/index2.html
RC,情報なし,300 Fスポーツ サンルーフ　黒革　19インチAW 3眼LED,409万円,2018(H30),3.2万km,なし,フロアMTモード付8AT,2000CC,2025-06-17T12:22:57.038731,https://www.carsensor.net/usedcar/bLE/s015/index2.html
RC,情報なし,200t バージョンL サンルーフ 3眼LED 本革エアシート,315万円,2016(H28),3.3万km,なし,フロアMTモード付8AT,2000CC,2025-06-17T12:22:57.039806,https://www.carsensor.net/usedcar/bLE/s015/index2.html
RC,情報なし,300 Fスポーツ 後期マークレビンソン赤革3眼LEDプリクラッ,364.3万円,2018(H30),3.9万km,なし,フロアMTモード付8AT,2000CC,2025-06-17T12:22:57.040863,https://www.carsensor.net/usedcar/bLE/s015/index2.html
RC,情報なし,300h Fスポーツ 三眼　オレンジキャリパー　赤革　ベンチレ,437.8万円,2020(R02),4.4万km,なし,フロアMTモード付CVT,2500CC,2025-06-17T12:22:57.041910,https://www.carsensor.net/usedcar/bLE/s015/index2.html
RC,情報なし,300h Fスポーツ 3眼LED サンルーフ 本アルミ名栗調パネル,581万円,2023(R05),0.6万km,なし,フロアMTモード付CVT,2500CC,2025-06-17T12:22:57.042957,https://www.carsensor.net/usedcar/bLE/s015/index2.html
RC,情報なし,300h Fスポーツ 赤革シート 三眼LED ドライブレコーダー,437.9万円,2019(H31),3.1万km,なし,フロアMTモード付CVT,2500CC,2025-06-17T12:22:57.045054,https://www.carsensor.net/usedcar/bLE/s015/index2.html
RC,情報なし,300h Fスポーツ 禁煙 黒革 純正ナビ SR ベンチレーション,419.8万円,2018(H30),4.3万km,なし,フロアMTモード付CVT,2500CC,2025-06-17T12:22:57.046487,https://www.carsensor.net/usedcar/bLE/s015/index2.html
RC,情報なし,300h Fスポーツ シートヒーター&ベンチレーション 3眼LED,298.8万円,2015(H27),5.9万km,なし,フロアMTモード付CVT,2500CC,2025-06-17T12:22:57.047600,https://www.carsensor.net/usedcar/bLE/s015/index2.html
RC,情報なし,350 Fスポーツ ムーンルーフ TRDフルエアロ　赤革シート,465.9万円,2021(R03),5.1万km,なし,フロアMTモード付8AT,3500CC,2025-06-17T12:22:57.048593,https://www.carsensor.net/usedcar/bLE/s015/index2.html
RC,情報なし,300h Fスポーツ マークレビンソンサウンド　ETC,446万円,2020(R02),6万km,なし,フロアMTモード付CVT,2500CC,2025-06-17T12:22:57.049713,https://www.carsensor.net/usedcar/bLE/s015/index2.html
RC,情報なし,300h Fスポーツ 3眼LED サンルーフ 本革エアシート,290万円,2015(H27),9万km,なし,フロアMTモード付CVT,2500CC,2025-06-17T12:22:57.050929,https://www.carsensor.net/usedcar/bLE/s015/index2.html
RC,情報なし,300h Fスポーツ 純正ナビ フルセグ 赤革シート ドラレコ,319.8万円,2014(H26),6.3万km,なし,フロアMTモード付CVT,2500CC,2025-06-17T12:22:57.051976,https://www.carsensor.net/usedcar/bLE/s015/index2.html
RC,情報なし,350 Fスポーツ TRDエアロマフラー　SR　3眼LED　BSM,471万円,2020(R02),6.5万km,なし,フロアMTモード付8AT,3500CC,2025-06-17T12:22:57.053111,https://www.carsensor.net/usedcar/bLE/s015/index2.html
RC,情報なし,300h Fスポーツ 赤本革・三眼LED・シートヒーター,402.6万円,2016(H28),0.6万km,なし,フロアCVT,2500CC,2025-06-17T12:22:57.055671,https://www.carsensor.net/usedcar/bLE/s015/index2.html
RC,情報なし,300h Fスポーツ サンルーフ マクレビ 三眼LED パドルシフト,550.5万円,2020(R02),1.8万km,なし,フロアMTモード付CVT,2500CC,2025-06-17T12:22:57.056725,https://www.carsensor.net/usedcar/bLE/s015/index2.html
RC,情報なし,300h Fスポーツ 禁煙 バックカメラ クルーズコントロール,328.8万円,2015(H27),4.8万km,なし,フロアMTモード付CVT,2500CC,2025-06-17T12:22:57.057777,https://www.carsensor.net/usedcar/bLE/s015/index2.html
RC,情報なし,300h Fスポーツ マクレビ ムーンルーフ BSM 角型LEDヘッド,354.9万円,2014(H26),5.7万km,なし,フロアMTモード付CVT,2500CC,2025-06-17T12:22:57.059320,https://www.carsensor.net/usedcar/bLE/s015/index2.html
RC,情報なし,300h Fスポーツ OBD診断済/2本新品タイヤ/角型LEDヘッド,289万円,2018(H30),7.4万km,なし,フロアMTモード付CVT,2500CC,2025-06-17T12:22:57.059320,https://www.carsensor.net/usedcar/bLE/s015/index2.html
RC,情報なし,200t Fスポーツ OBD診断済/4本新品タイヤ/専用革シート,264万円,2015(H27),4.5万km,なし,フロアMTモード付8AT,2000CC,2025-06-17T12:22:57.061873,https://www.carsensor.net/usedcar/bLE/s015/index2.html
RC,情報なし,350 Fスポーツ サンルーフ/ドラレコ/KUHLエアロ&ホイール,299万円,2015(H27),6.2万km,なし,フロアMTモード付8AT,3500CC,2025-06-17T12:22:57.062921,https://www.carsensor.net/usedcar/bLE/s015/index2.html
RC,情報なし,300h Fスポーツ ナビTV革SR BSM クリソナプリクラッシュ,320万円,2016(H28),5.2万km,なし,フロアMTモード付CVT,2500CC,2025-06-17T12:22:58.768866,https://www.carsensor.net/usedcar/bLE/s015/index3.html
RC,情報なし,300 Fスポーツ LSS+ 黒革 Mルーフ 3眼LED 2年保証,437.9万円,2019(R01),4.4万km,なし,フロア8AT,2000CC,2025-06-17T12:22:58.770011,https://www.carsensor.net/usedcar/bLE/s015/index3.html
RC,情報なし,300h Fスポーツ 衝突回避システム　ナビ　レーダークルーズ,398.6万円,2018(H30),3.6万km,なし,フロアMTモード付CVT,2500CC,2025-06-17T12:22:58.771127,https://www.carsensor.net/usedcar/bLE/s015/index3.html
RC,情報なし,300h Fスポーツ TRDエアロ&マフラー 赤革 Lダウン 2年保証,388万円,2015(H27),3.9万km,なし,フロアMTモード付CVT,2500CC,2025-06-17T12:22:58.772174,https://www.carsensor.net/usedcar/bLE/s015/index3.html
RC,情報なし,300h 純正ナビ 車高調 社外マフラー 純正17AW,269.8万円,2017(H29),5.1万km,なし,フロアMTモード付CVT,2500CC,2025-06-17T12:22:58.773214,https://www.carsensor.net/usedcar/bLE/s015/index3.html
RC,情報なし,200t バージョンL マークレビンソン 純正ナビ 衝突軽減 ETC,224.9万円,2015(H27),5.4万km,なし,フロアMTモード付8AT,2000CC,2025-06-17T12:22:58.774258,https://www.carsensor.net/usedcar/bLE/s015/index3.html
RC,情報なし,300h バージョンL 3眼LED　黒革　19インチAW　ETC　Bカメラ,388万円,2020(R02),3.1万km,なし,フロアMTモード付CVT,2500CC,2025-06-17T12:22:58.775759,https://www.carsensor.net/usedcar/bLE/s015/index3.html
RC,情報なし,200t Fスポーツ マークレビンソン ナビ バックカメラ ETC,224.9万円,2016(H28),8.5万km,なし,フロアMTモード付8AT,2000CC,2025-06-17T12:22:58.777115,https://www.carsensor.net/usedcar/bLE/s015/index3.html
RC,情報なし,300h Fスポーツ 衝突軽減/サンルーフ/レーダークルーズ,239.9万円,2018(H30),13万km,なし,フロアMTモード付CVT,2500CC,2025-06-17T12:22:58.778659,https://www.carsensor.net/usedcar/bLE/s015/index3.html
RC,情報なし,200t バージョンL サンルーフ純正ナビBカメ黒革シート純正AW,299.9万円,2016(H28),1.6万km,なし,フロアMTモード付8AT,2000CC,2025-06-17T12:22:58.780822,https://www.carsensor.net/usedcar/bLE/s015/index3.html
RC,情報なし,300h バージョンL 本革 衝突軽減 禁煙車 純正ナビ Bカメラ,250.1万円,2015(H27),6.2万km,なし,フロアMTモード付CVT,2500CC,2025-06-17T12:22:58.781825,https://www.carsensor.net/usedcar/bLE/s015/index3.html
RC,情報なし,300h Fスポーツ 純正ナビ/バックカメラ/Bluetooth/フルセグ,244.9万円,2015(H27),7.9万km,なし,フロアMTモード付CVT,2500CC,2025-06-17T12:22:58.782866,https://www.carsensor.net/usedcar/bLE/s015/index3.html
RC,情報なし,300 Fスポーツ 後期 マークレビンソン PCS ACC BSM ETC,395.8万円,2019(H31),1.6万km,なし,フロアMTモード付8AT,2000CC,2025-06-17T12:22:58.783905,https://www.carsensor.net/usedcar/bLE/s015/index3.html
RC,情報なし,300h 純正ナビ Bカメ ビルドインETC サンルーフ,269.8万円,2017(H29),7.4万km,なし,フロアMTモード付CVT,2500CC,2025-06-17T12:22:58.784945,https://www.carsensor.net/usedcar/bLE/s015/index3.html
RC,情報なし,350 バージョンL サンルーフ 純正ナビ フルセグ Bカメラ,214万円,2015(H27),12万km,なし,フロア8AT,3500CC,2025-06-17T12:22:58.785987,https://www.carsensor.net/usedcar/bLE/s015/index3.html
RC,情報なし,350 バージョンL 社外Fリップ ナビ Bカメラ BBS19AW LOWDOWN,277万円,2016(H28),5.1万km,なし,フロアMTモード付8AT,3500CC,2025-06-17T12:22:58.787454,https://www.carsensor.net/usedcar/bLE/s015/index3.html
RC,情報なし,200t Fスポーツ 赤革シート　SR オレンジキャリパー,278万円,2016(H28),5.1万km,なし,フロアMTモード付8AT,2000CC,2025-06-17T12:22:58.789000,https://www.carsensor.net/usedcar/bLE/s015/index3.html
RC,情報なし,300h バージョンL 衝突軽減 純正ナビ 三眼LED シートヒーター,299.8万円,2016(H28),4.5万km,なし,フロアMTモード付CVT,2500CC,2025-06-17T12:22:58.790117,https://www.carsensor.net/usedcar/bLE/s015/index3.html
RC,情報なし,300h Fスポーツ,327.1万円,2017(H29),6万km,なし,フロアCVT,2500CC,2025-06-17T12:22:58.792329,https://www.carsensor.net/usedcar/bLE/s015/index3.html
RC,情報なし,300h Fスポーツ サンルーフ　ワークアルミ　ダウンサス,299.8万円,2015(H27),6.3万km,なし,フロアMTモード付CVT,2500CC,2025-06-17T12:22:58.793372,https://www.carsensor.net/usedcar/bLE/s015/index3.html
RC,情報なし,300h Fスポーツ ハイブリッド保証付き　トヨタ認定中古車,236.2万円,2015(H27),11.2万km,なし,フロアCVT,2500CC,2025-06-17T12:22:58.794415,https://www.carsensor.net/usedcar/bLE/s015/index3.html
RC,情報なし,300h Fスポーツ 三眼ヘッドランプ 衝突軽減 追従クルコン,269.8万円,2017(H29),7.6万km,なし,フロアMTモード付CVT,2500CC,2025-06-17T12:22:58.795454,https://www.carsensor.net/usedcar/bLE/s015/index3.html
RC,情報なし,300h Fスポーツ 純正ナビ クルコン ETC エアシート,259.8万円,2015(H27),7.3万km,なし,フロアMTモード付CVT,2500CC,2025-06-17T12:22:58.797533,https://www.carsensor.net/usedcar/bLE/s015/index3.html
RC,情報なし,300h バージョンL 純正ナビ ムーンルーフ クルコン,299.8万円,2015(H27),5万km,なし,フロアMTモード付CVT,2500CC,2025-06-17T12:22:58.798530,https://www.carsensor.net/usedcar/bLE/s015/index3.html
RC,情報なし,300h バージョンL BSM　黒革シート　レーダークルーズ,259.3万円,2015(H27),6.8万km,なし,フロアCVT,2500CC,2025-06-17T12:22:58.800177,https://www.carsensor.net/usedcar/bLE/s015/index3.html
RC,情報なし,300h Fスポーツ マクレビ SR 三眼LED 寒冷地仕様　純正ナビ,449.8万円,2020(R02),4.3万km,なし,フロアMTモード付CVT,2500CC,2025-06-17T12:22:58.801217,https://www.carsensor.net/usedcar/bLE/s015/index3.html
RC,情報なし,300 Fスポーツ プリクラッシュセーフティ　3眼LEDヘッドラ,239万円,2018(H30),11.6万km,なし,フロアMTモード付8AT,2000CC,2025-06-17T12:22:58.802260,https://www.carsensor.net/usedcar/bLE/s015/index3.html
RC,情報なし,300 Fスポーツ 3眼LED 本革エアシート レーダークルコン,319万円,2018(H30),8万km,なし,フロアMTモード付8AT,2000CC,2025-06-17T12:22:58.803673,https://www.carsensor.net/usedcar/bLE/s015/index3.html
RC,情報なし,350 バージョンL 衝突軽減 10型ナビ 三眼LED サンルーフ BSM,641.1万円,2024(R06),1.1万km,なし,フロア8AT,3500CC,2025-06-17T12:22:58.804712,https://www.carsensor.net/usedcar/bLE/s015/index3.html
RC,情報なし,300 Fスポーツ 新品タイヤ/HDDナビ/衝突安全装置,332.6万円,2018(H30),3.9万km,なし,フロアMTモード付8AT,2000CC,2025-06-17T12:22:58.805753,https://www.carsensor.net/usedcar/bLE/s015/index3.html
RC,情報なし,300h Fスポーツ 純正7型ナビ/クルコン/ダウンサス/BSM/ETC,299.8万円,2016(H28),7.6万km,なし,フロアMTモード付CVT,2500CC,2025-06-17T12:23:00.578573,https://www.carsensor.net/usedcar/bLE/s015/index4.html
RC,情報なし,300h Fスポーツ ナビ TV Bカメラ BT ETC クルコン BSM,338万円,2015(H27),1.2万km,あり,フロアMTモード付CVT,2500CC,2025-06-17T12:23:00.579635,https://www.carsensor.net/usedcar/bLE/s015/index4.html
RC,情報なし,350 Fスポーツ 1オーナー・禁煙車・マークレビンソン,475万円,2019(R01),2.9万km,なし,フロアMTモード付8AT,3500CC,2025-06-17T12:23:00.581010,https://www.carsensor.net/usedcar/bLE/s015/index4.html
RC,情報なし,300h Fスポーツ サンルーフ 三眼LEDヘッドライト BSM,409万円,2019(H31),7.9万km,なし,フロアMTモード付CVT,2500CC,2025-06-17T12:23:00.582319,https://www.carsensor.net/usedcar/bLE/s015/index4.html
RC,情報なし,300h Fスポーツ 純正ナビ/ドライビングポジション設定,324.8万円,2015(H27),4.8万km,なし,フロアMTモード付CVT,2500CC,2025-06-17T12:23:00.584403,https://www.carsensor.net/usedcar/bLE/s015/index4.html
RC,情報なし,300h Fスポーツ ドライブレコーダー　三眼LEDヘッドライト,490万円,2022(R04),5.2万km,なし,フロアMTモード付CVT,2500CC,2025-06-17T12:23:00.585569,https://www.carsensor.net/usedcar/bLE/s015/index4.html
RC,情報なし,350 バージョンL 本革シート サンルーフ,307.5万円,2015(H27),6.2万km,なし,フロアMTモード付8AT,3500CC,2025-06-17T12:23:00.586617,https://www.carsensor.net/usedcar/bLE/s015/index4.html
RC,情報なし,300h Fスポーツ 禁煙車　ムーンルーフ　赤レザーシート,279.8万円,2015(H27),8.2万km,なし,フロアMTモード付CVT,2500CC,2025-06-17T12:23:00.587666,https://www.carsensor.net/usedcar/bLE/s015/index4.html
RC,情報なし,350 Fスポーツ SR/純ナビBSM/ドラレコ/本革/3眼/オレンジ,571.3万円,2021(R03),1万km,なし,フロアMTモード付8AT,3500CC,2025-06-17T12:23:00.589205,https://www.carsensor.net/usedcar/bLE/s015/index4.html
RC,情報なし,300h Fスポーツ,468.1万円,2019(H31),3.2万km,なし,フロアMTモード付CVT,2500CC,2025-06-17T12:23:00.590489,https://www.carsensor.net/usedcar/bLE/s015/index4.html
RC,情報なし,350 Fスポーツ サンルーフ　赤レザーシート　20インチAW,279万円,2014(H26),7.1万km,なし,フロアMTモード付8AT,3500CC,2025-06-17T12:23:00.591529,https://www.carsensor.net/usedcar/bLE/s015/index4.html
RC,情報なし,350 Fスポーツ 3眼ヘッドライト　クリアランスソナー,289.8万円,2015(H27),7.7万km,なし,フロアMTモード付8AT,3500CC,2025-06-17T12:23:00.592572,https://www.carsensor.net/usedcar/bLE/s015/index4.html
RC,情報なし,300h Fスポーツ 本革シート サンルーフ バックカメラ ETC,324.8万円,2015(H27),5.4万km,なし,フロアMTモード付CVT,2500CC,2025-06-17T12:23:00.593614,https://www.carsensor.net/usedcar/bLE/s015/index4.html
RC,情報なし,300 Fスポーツ TRDフルエアロ　角型3眼LED　黒革,449.9万円,2020(R02),3万km,なし,フロアMTモード付8AT,2000CC,2025-06-17T12:23:00.595695,https://www.carsensor.net/usedcar/bLE/s015/index4.html
RC,情報なし,350 Fスポーツ 後期/禁煙/サンルーフ/黒革/TVキャンセラー,415.1万円,2020(R02),7.5万km,なし,フロアMTモード付8AT,3500CC,2025-06-17T12:23:00.596734,https://www.carsensor.net/usedcar/bLE/s015/index4.html
RC,情報なし,200t Fスポーツ 新品タイヤ/サンルーフ/SDナビ/ETC,361.5万円,2016(H28),1.6万km,なし,フロアMTモード付8AT,2000CC,2025-06-17T12:23:00.597777,https://www.carsensor.net/usedcar/bLE/s015/index4.html
RC,情報なし,300h バージョンL シートクーラー/パワーシート/クルコン,407.8万円,2018(H30),4.8万km,なし,フロアMTモード付CVT,2500CC,2025-06-17T12:23:00.598773,https://www.carsensor.net/usedcar/bLE/s015/index4.html
RC,情報なし,300h Fスポーツ TRDエアロ&マフラー RAYS製19インチアルミ,338万円,2015(H27),6.8万km,なし,フロアMTモード付CVT,2500CC,2025-06-17T12:23:00.600256,https://www.carsensor.net/usedcar/bLE/s015/index4.html
RC,情報なし,300h Fスポーツ プライム ブラック,399.1万円,2018(H30),3.6万km,なし,その他AT,2500CC,2025-06-17T12:23:00.601215,https://www.carsensor.net/usedcar/bLE/s015/index4.html
RC,情報なし,300h Fスポーツ サンルーフ・3眼LEDHライト・Fドラレコ,375.2万円,2015(H27),1.4万km,なし,フロアMTモード付CVT,2500CC,2025-06-17T12:23:00.602211,https://www.carsensor.net/usedcar/bLE/s015/index4.html
RC,情報なし,300 エモーショナル アッシュ TRDエアロ/Mルーフ/マークレビンソン/,549.8万円,2021(R03),1.3万km,なし,フロアMTモード付8AT,2000CC,2025-06-17T12:23:00.603487,https://www.carsensor.net/usedcar/bLE/s015/index4.html
RC,情報なし,300h Fスポーツ TRDフルエアロ TRD四本出しマフラー BSM,289万円,2016(H28),8.4万km,あり,フロアMTモード付CVT,2500CC,2025-06-17T12:23:00.605543,https://www.carsensor.net/usedcar/bLE/s015/index4.html
RC,情報なし,300h Fスポーツ トヨタ認定中古車,363.1万円,2016(H28),3.3万km,なし,フロアCVT,2500CC,2025-06-17T12:23:00.606570,https://www.carsensor.net/usedcar/bLE/s015/index4.html
RC,情報なし,300h Fスポーツ 本革シートサンルーフディーラー記録簿18枚,281.4万円,2015(H27),9.5万km,なし,フロアMTモード付CVT,2500CC,2025-06-17T12:23:00.607598,https://www.carsensor.net/usedcar/bLE/s015/index4.html
RC,情報なし,300h Fスポーツ サンルーフ/レーダークルーズ/BSM/ETC,329.9万円,2016(H28),7.2万km,なし,フロアCVT,2500CC,2025-06-17T12:23:00.608598,https://www.carsensor.net/usedcar/bLE/s015/index4.html
RC,情報なし,300 バージョンL サンルーフ/マクレビ/TRDエアロ/19インチ,404.9万円,2022(R04),2.5万km,なし,フロア8AT,2000CC,2025-06-17T12:23:00.609781,https://www.carsensor.net/usedcar/bLE/s015/index4.html
RC,情報なし,300 Fスポーツ 三眼/カーボンエアロ/PCS/LDA/BSM/ソナー,389.9万円,2022(R04),6.3万km,なし,フロア8AT,2000CC,2025-06-17T12:23:00.610857,https://www.carsensor.net/usedcar/bLE/s015/index4.html
RC,情報なし,300h バージョンL LSS 純正メモリーナビ サンルーフ,372.3万円,2021(R03),5.9万km,なし,フロアMTモード付CVT,2500CC,2025-06-17T12:23:00.611901,https://www.carsensor.net/usedcar/bLE/s015/index4.html
RC,情報なし,300h Fスポーツ 赤本革シート 禁煙車 純正ナビ Bカメラ ETC,201万円,2015(H27),13.9万km,なし,フロアMTモード付CVT,2500CC,2025-06-17T12:23:00.613982,https://www.carsensor.net/usedcar/bLE/s015/index4.html
RC,情報なし,300 Fスポーツ TRDエアロマフラー/プリクラ/レーンキープ,309.9万円,2018(H30),7.3万km,なし,フロア8AT,2000CC,2025-06-17T12:23:00.615023,https://www.carsensor.net/usedcar/bLE/s015/index4.html
RC,情報なし,350 Fスポーツ 三眼/PCS/LDA/BSM/AHB/ソナー/TVキャン,279.9万円,2016(H28),4万km,なし,フロア8AT,3500CC,2025-06-17T12:23:02.283190,https://www.carsensor.net/usedcar/bLE/s015/index5.html
RC,情報なし,300 バージョンL サンルーフ/マークレビンソン/三眼ヘッド,379.9万円,2020(R02),4.3万km,なし,フロア8AT,2000CC,2025-06-17T12:23:02.284565,https://www.carsensor.net/usedcar/bLE/s015/index5.html
RC,情報なし,350 バージョンL Fスポグリル/OP19インチ/OPメッキドアノブ,244.9万円,2014(H26),7.6万km,なし,フロアMTモード付8AT,3500CC,2025-06-17T12:23:02.285614,https://www.carsensor.net/usedcar/bLE/s015/index5.html
RC,情報なし,300h Fスポーツ OBD診断済/後期/ブラインドスポットモニタ,349万円,2020(R02),9万km,なし,フロアMTモード付CVT,2500CC,2025-06-17T12:23:02.286829,https://www.carsensor.net/usedcar/bLE/s015/index5.html
RC,情報なし,300h Fスポーツ,395万円,2020(R02),3.4万km,あり,その他AT,2500CC,2025-06-17T12:23:02.287879,https://www.carsensor.net/usedcar/bLE/s015/index5.html
RC,情報なし,350 Fスポーツ 後期車/マクレビ/橙キャリパー/1オーナー,479.9万円,2022(R04),2.5万km,なし,フロア8AT,3500CC,2025-06-17T12:23:02.289433,https://www.carsensor.net/usedcar/bLE/s015/index5.html
RC,情報なし,350 Fスポーツ ユーザー買取 ムーンルーフ プリクラッシュ,359.8万円,2017(H29),1.9万km,なし,フロアMTモード付8AT,3500CC,2025-06-17T12:23:02.290827,https://www.carsensor.net/usedcar/bLE/s015/index5.html
RC,情報なし,350 Fスポーツ TRDエアロ&マフラー/橙キャリパ/ローサス,329.9万円,2016(H28),3.7万km,なし,フロア8AT,3500CC,2025-06-17T12:23:02.291874,https://www.carsensor.net/usedcar/bLE/s015/index5.html
RC,情報なし,300h Fスポーツ サンルーフ 3眼LED ドラレコ 赤革シート,363.1万円,2018(H30),3.3万km,なし,フロアMTモード付CVT,2500CC,2025-06-17T12:23:02.292921,https://www.carsensor.net/usedcar/bLE/s015/index5.html
RC,情報なし,300 Fスポーツ 後期車/新品タイヤ/三眼ヘッド/ソナー,379.9万円,2018(H30),4.8万km,なし,フロア8AT,2000CC,2025-06-17T12:23:02.293971,https://www.carsensor.net/usedcar/bLE/s015/index5.html
RC,情報なし,200t Fスポーツ 赤内装/サンルーフ/マークレビンソン,340万円,2016(H28),4.2万km,なし,フロアMTモード付8AT,2000CC,2025-06-17T12:23:02.295036,https://www.carsensor.net/usedcar/bLE/s015/index5.html
RC,情報なし,300h Fスポーツ プリクラッシュ&ACC　ムーンルーフ,265.6万円,2015(H27),10.9万km,なし,フロアMTモード付CVT,2500CC,2025-06-17T12:23:02.296083,https://www.carsensor.net/usedcar/bLE/s015/index5.html
RC,情報なし,200t Fスポーツ,応談,2017(H29),7.1万km,なし,フロアMTモード付8AT,2000CC,2025-06-17T12:23:02.297133,https://www.carsensor.net/usedcar/bLE/s015/index5.html
RC,情報なし,300h バージョンL /認定中古車・2年保証付・当社試乗車,557万円,2022(R04),1.6万km,なし,フロアMTモード付CVT,2500CC,2025-06-17T12:23:02.298686,https://www.carsensor.net/usedcar/bLE/s015/index5.html
RC,情報なし,350 Fスポーツ ナビ バックカメラ ETC,309.1万円,2015(H27),6.2万km,なし,フロア8AT,3500CC,2025-06-17T12:23:02.299815,https://www.carsensor.net/usedcar/bLE/s015/index5.html
RC,情報なし,300h Fスポーツ 新品TRDフルエアロ&4本出しマフラー/三眼,459.9万円,2019(H31),3.7万km,なし,フロアCVT,2500CC,2025-06-17T12:23:02.300991,https://www.carsensor.net/usedcar/bLE/s015/index5.html
RC,情報なし,350 Fスポーツ 純正DAナビ サンルーフ マークレビンソン,564.8万円,2023(R05),3万km,なし,フロア8AT,3500CC,2025-06-17T12:23:02.302040,https://www.carsensor.net/usedcar/bLE/s015/index5.html
RC,情報なし,350 Fスポーツ CPO認定中古車,462.5万円,2019(R01),3.2万km,なし,フロアMTモード付8AT,3500CC,2025-06-17T12:23:02.304138,https://www.carsensor.net/usedcar/bLE/s015/index5.html
RC,情報なし,300 Fスポーツ 三眼LEDヘッドライト　オレンジキャリパー,510万円,2019(H31),2.4万km,なし,フロアMTモード付8AT,2000CC,2025-06-17T12:23:02.305192,https://www.carsensor.net/usedcar/bLE/s015/index5.html
RC,情報なし,300h Fスポーツ 19インチアルミ　LEDヘッドライト,483.8万円,2018(H30),1.3万km,なし,フロアMTモード付CVT,2500CC,2025-06-17T12:23:02.306243,https://www.carsensor.net/usedcar/bLE/s015/index5.html
RC,情報なし,300h バージョンL 19インチAW　BSM+RCTA,474万円,2018(H30),2.9万km,なし,フロアMTモード付CVT,2500CC,2025-06-17T12:23:02.307290,https://www.carsensor.net/usedcar/bLE/s015/index5.html
RC,情報なし,350 Fスポーツ TRDエアロ・マフラー　サンルーフ　禁煙車,622.9万円,2022(R04),1.8万km,なし,フロアMTモード付8AT,3500CC,2025-06-17T12:23:02.308845,https://www.carsensor.net/usedcar/bLE/s015/index5.html
RC,情報なし,350 Fスポーツ 黒革/角型LEDヘッド/シートヒーター,399.2万円,2016(H28),9.3万km,なし,フロアMTモード付8AT,3500CC,2025-06-17T12:23:02.310018,https://www.carsensor.net/usedcar/bLE/s015/index5.html
RC,情報なし,300h Fスポーツ サポカー　フルセグテレビ　スマートキー付,371.4万円,2021(R03),8.3万km,なし,フロアCVT,2500CC,2025-06-17T12:23:02.311065,https://www.carsensor.net/usedcar/bLE/s015/index5.html
RC,情報なし,350 Fスポーツ ムーンルーフ　本革シート,585万円,2023(R05),0.8万km,なし,フロアMTモード付8AT,3500CC,2025-06-17T12:23:02.312112,https://www.carsensor.net/usedcar/bLE/s015/index5.html
RC,情報なし,300h Fスポーツ ナビ TV Bluetooth Bカメラ LEDライト,361.4万円,2018(H30),2.4万km,なし,フロアMTモード付CVT,2500CC,2025-06-17T12:23:02.313160,https://www.carsensor.net/usedcar/bLE/s015/index5.html
RC,情報なし,300h Fスポーツ サポカー　フルセグテレビ　スマートキー付,418万円,2020(R02),3.4万km,なし,フロアCVT,2500CC,2025-06-17T12:23:02.314207,https://www.carsensor.net/usedcar/bLE/s015/index5.html
RC,情報なし,300h Fスポーツ CPO認定中古車 本革・マクレビ・クリソナ,356.6万円,2018(H30),4.9万km,なし,フロアMTモード付CVT,2500CC,2025-06-17T12:23:02.315343,https://www.carsensor.net/usedcar/bLE/s015/index5.html
RC,情報なし,300 Fスポーツ 後期型1オーナーマクレビ3眼LED禁煙車,445万円,2022(R04),2.3万km,なし,フロアMTモード付8AT,2000CC,2025-06-17T12:23:02.317442,https://www.carsensor.net/usedcar/bLE/s015/index5.html
RC,情報なし,300h Fスポーツ 後期モデル　ホワイトレザーシート,405.8万円,2020(R02),4.3万km,なし,フロアMTモード付CVT,2500CC,2025-06-17T12:23:02.317442,https://www.carsensor.net/usedcar/bLE/s015/index5.html
RC,情報なし,300h バージョンL 3眼LED　禁煙　ブラウンレザー　ACC追従,384.7万円,2019(R01),2.9万km,なし,フロアMTモード付CVT,2500CC,2025-06-17T12:23:03.965612,https://www.carsensor.net/usedcar/bLE/s015/index6.html
RC,情報なし,350 Fスポーツ プリクラッシュ BSM クリアランスソナー,286.8万円,2015(H27),4.6万km,なし,フロア8AT,3500CC,2025-06-17T12:23:03.966661,https://www.carsensor.net/usedcar/bLE/s015/index6.html
RC,情報なし,350 Fスポーツ 新品20AW　ダウンサス　3眼LEDヘッド,299万円,2015(H27),6.2万km,なし,フロアMTモード付8AT,3500CC,2025-06-17T12:23:03.968841,https://www.carsensor.net/usedcar/bLE/s015/index6.html
RC,情報なし,200t Fスポーツ 純正ナビ　ETC　ドライブレコーダー,279.9万円,2016(H28),4.7万km,なし,フロアMTモード付8AT,2000CC,2025-06-17T12:23:03.969394,https://www.carsensor.net/usedcar/bLE/s015/index6.html
RC,情報なし,300h Fスポーツ ナビ TV サンルーフ 赤革シート Pシート,449.7万円,2020(R02),4.4万km,なし,フロアMTモード付CVT,2500CC,2025-06-17T12:23:03.970723,https://www.carsensor.net/usedcar/bLE/s015/index6.html
RC,情報なし,300h マクレビ・サンルーフ・純正19AW,428万円,2019(R01),1.3万km,なし,フロアMTモード付CVT,2500CC,2025-06-17T12:23:03.972988,https://www.carsensor.net/usedcar/bLE/s015/index6.html
RC,情報なし,200t Fスポーツ 赤革 純正ナビ Bカメラ Cソナー D記録簿,272.5万円,2016(H28),5.5万km,なし,フロアMTモード付8AT,2000CC,2025-06-17T12:23:03.974235,https://www.carsensor.net/usedcar/bLE/s015/index6.html
RC,情報なし,300h バージョンL 禁煙 茶革 レ-ダ-クル-ズ フルセグTV ソナ-,315万円,2016(H28),2.3万km,なし,フロアMTモード付CVT,2500CC,2025-06-17T12:23:03.975322,https://www.carsensor.net/usedcar/bLE/s015/index6.html
RC,情報なし,300h Fスポーツ /認定中古車・2年保証,543万円,2022(R04),1.9万km,なし,フロアMTモード付CVT,2500CC,2025-06-17T12:23:03.976729,https://www.carsensor.net/usedcar/bLE/s015/index6.html
RC,情報なし,300h バージョンL マクレビ・サンルーフ・本革・記録簿,408万円,2018(H30),2.9万km,なし,フロアMTモード付CVT,2500CC,2025-06-17T12:23:03.978772,https://www.carsensor.net/usedcar/bLE/s015/index6.html
RC,情報なし,300 バージョンL ワンオーナー 赤黒シート ETC,368万円,2019(H31),3.9万km,なし,フロアMTモード付8AT,2000CC,2025-06-17T12:23:03.979275,https://www.carsensor.net/usedcar/bLE/s015/index6.html
RC,情報なし,200t Fスポーツ 専用19インチアルミシートヒータードラレコ,258万円,2016(H28),9.8万km,なし,フロアMTモード付8AT,2000CC,2025-06-17T12:23:03.980474,https://www.carsensor.net/usedcar/bLE/s015/index6.html
RC,情報なし,200t Fスポーツ ナビTVETC　クルコンシートヒータ　保証1年,309.9万円,2016(H28),3.9万km,なし,フロアMTモード付8AT,2000CC,2025-06-17T12:23:03.981698,https://www.carsensor.net/usedcar/bLE/s015/index6.html
RC,情報なし,300h Fスポーツ サンル-フ黒革3眼ライトPCS追従クルコン,225万円,2014(H26),12.5万km,なし,フロアMTモード付CVT,2500CC,2025-06-17T12:23:03.983065,https://www.carsensor.net/usedcar/bLE/s015/index6.html
RC,情報なし,350 Fスポーツ CPO認定中古車　トルセンLSD,599.3万円,2023(R05),0.9万km,なし,フロアMTモード付8AT,3500CC,2025-06-17T12:23:03.984068,https://www.carsensor.net/usedcar/bLE/s015/index6.html
RC,情報なし,200t Fスポーツ,319.2万円,2017(H29),8.2万km,なし,フロアMTモード付8AT,2000CC,2025-06-17T12:23:03.985544,https://www.carsensor.net/usedcar/bLE/s015/index6.html
RC,情報なし,300 Fスポーツ プライム ブラック TRDエアロTRDマフラー オレンジキャリパー,319万円,2018(H30),8.4万km,なし,フロアMTモード付8AT,2000CC,2025-06-17T12:23:03.986583,https://www.carsensor.net/usedcar/bLE/s015/index6.html
RC,情報なし,300h Fスポーツ ワンオーナー3眼LED禁煙プリクラSドラレコ,288.6万円,2015(H27),8.5万km,なし,フロアMTモード付CVT,2500CC,2025-06-17T12:23:03.988631,https://www.carsensor.net/usedcar/bLE/s015/index6.html
RC,情報なし,350 Fスポーツ マクレビ・BSM・RCTA・TRDミラー,418万円,2020(R02),5.8万km,なし,フロアMTモード付8AT,3500CC,2025-06-17T12:23:03.989988,https://www.carsensor.net/usedcar/bLE/s015/index6.html
RC,情報なし,200t Fスポーツ ガラスSR 三眼LED 赤革 ナビ フルセグ,358万円,2017(H29),4.2万km,なし,フロアMTモード付8AT,2000CC,2025-06-17T12:23:03.991128,https://www.carsensor.net/usedcar/bLE/s015/index6.html
RC,情報なし,300h Fスポーツ カーボンエアロWeds20AW3眼LED赤革シート,358万円,2015(H27),7万km,なし,フロアMTモード付CVT,2500CC,2025-06-17T12:23:03.993228,https://www.carsensor.net/usedcar/bLE/s015/index6.html
RC,情報なし,350 Fスポーツ カスタムカー,355万円,2015(H27),5万km,なし,フロアMTモード付8AT,3500CC,2025-06-17T12:23:03.993228,https://www.carsensor.net/usedcar/bLE/s015/index6.html
RC,情報なし,300h Fスポーツ 純正ナビ　フルセグTV　バックモニター,359.9万円,2015(H27),6.2万km,なし,フロアMTモード付CVT,2500CC,2025-06-17T12:23:03.994275,https://www.carsensor.net/usedcar/bLE/s015/index6.html
RC,情報なし,300h Fスポーツ RAYS20インチ　HKS車高調　BLITZスポイラー,366.9万円,2014(H26),8.8万km,なし,フロアMTモード付CVT,2500CC,2025-06-17T12:23:03.995598,https://www.carsensor.net/usedcar/bLE/s015/index6.html
RC,情報なし,300h Fスポーツ BBS19インチ　車高調　エアロ　マフラー,425.9万円,2015(H27),6.4万km,なし,フロアMTモード付CVT,2500CC,2025-06-17T12:23:03.996649,https://www.carsensor.net/usedcar/bLE/s015/index6.html
RC,情報なし,350 バージョンL ナビBカメラOP衝突軽減3眼LED温冷黒革BSM,173.5万円,2015(H27),8.3万km,なし,フロアMTモード付8AT,3500CC,2025-06-17T12:23:03.998696,https://www.carsensor.net/usedcar/bLE/s015/index6.html
RC,情報なし,350 バージョンL CPO(認定中古車),498.8万円,2022(R04),0.8万km,なし,フロア8AT,3500CC,2025-06-17T12:23:03.999246,https://www.carsensor.net/usedcar/bLE/s015/index6.html
RC,情報なし,300h 純正ナビ地デジBカメラ衝突軽減LED黒革,272.4万円,2018(H30),1.2万km,なし,フロアCVT,2500CC,2025-06-17T12:23:04.000663,https://www.carsensor.net/usedcar/bLE/s015/index6.html
RC,情報なし,300,363万円,2023(R05),0.7万km,あり,フロアMTモード付8AT,2000CC,2025-06-17T12:23:04.002044,https://www.carsensor.net/usedcar/bLE/s015/index6.html
RC,情報なし,300h バージョンL,173.6万円,2015(H27),15.6万km,なし,フロアCVT,2500CC,2025-06-17T12:23:04.003095,https://www.carsensor.net/usedcar/bLE/s015/index6.html
RC,情報なし,300h ベースグレード ナビ　ETC　電動シート　アルミホイール,333.3万円,2018(H30),2.3万km,なし,その他AT,2500CC,2025-06-17T12:23:05.746446,https://www.carsensor.net/usedcar/bLE/s015/index7.html
RC,情報なし,300h バージョンL 黒革 メーカーナビ地デジ Bカメラ,219.9万円,2015(H27),3.1万km,あり,フロアMTモード付CVT,2500CC,2025-06-17T12:23:05.748485,https://www.carsensor.net/usedcar/bLE/s015/index7.html
RC,情報なし,300h,248万円,2015(H27),3.9万km,なし,フロアMTモード付CVT,2500CC,2025-06-17T12:23:05.749618,https://www.carsensor.net/usedcar/bLE/s015/index7.html
RC,情報なし,300h バージョンL 3眼LED純正ナビOP衝突軽減Fスポ用19AW,184.9万円,2015(H27),12.9万km,なし,フロアCVT,2500CC,2025-06-17T12:23:05.750630,https://www.carsensor.net/usedcar/bLE/s015/index7.html
RC,情報なし,350 ムーンルーフ,284.1万円,2015(H27),2.8万km,なし,フロアMTモード付8AT,3500CC,2025-06-17T12:23:05.751663,https://www.carsensor.net/usedcar/bLE/s015/index7.html
RC,情報なし,300 メーカーナビ　後期モデル　ターボ,354.6万円,2019(R01),1.7万km,なし,フロアMTモード付8AT,2000CC,2025-06-17T12:23:05.753707,https://www.carsensor.net/usedcar/bLE/s015/index7.html
RC,情報なし,300h バージョンL サンルーフ・革シート,460.3万円,2021(R03),1.7万km,なし,フロアCVT,2500CC,2025-06-17T12:23:05.755811,https://www.carsensor.net/usedcar/bLE/s015/index7.html
RC,情報なし,200t バージョンL 三眼LEDライト/ベンチレーションシート/,238万円,2016(H28),9万km,なし,フロアMTモード付8AT,2000CC,2025-06-17T12:23:05.757028,https://www.carsensor.net/usedcar/bLE/s015/index7.html
RC,情報なし,350 Fスポーツ ETC2.0　BSM・RCTA　バックカメラ,465.9万円,2019(R01),0.5万km,なし,フロアMTモード付8AT,3500CC,2025-06-17T12:23:05.758538,https://www.carsensor.net/usedcar/bLE/s015/index7.html
RC,情報なし,300 Fスポーツ サンルーフ　シートベンチレーション,354.6万円,2020(R02),3.5万km,あり,フロア8AT,2000CC,2025-06-17T12:23:05.760707,https://www.carsensor.net/usedcar/bLE/s015/index7.html
RC,情報なし,300h Fスポーツ,418万円,2022(R04),0.6万km,あり,フロアMTモード付CVT,2500CC,2025-06-17T12:23:05.761750,https://www.carsensor.net/usedcar/bLE/s015/index7.html
RC,情報なし,300h Fスポーツ ナビBカメラTV温冷赤革シート衝突軽減LED,226.9万円,2015(H27),7.6万km,なし,フロアMTモード付CVT,2500CC,2025-06-17T12:23:05.762794,https://www.carsensor.net/usedcar/bLE/s015/index7.html
RC,情報なし,350 Fスポーツ TRDエアロ BSM 3眼LED オレンジキャリパー,198.9万円,2017(H29),15.7万km,なし,フロアMTモード付8AT,3500CC,2025-06-17T12:23:05.762794,https://www.carsensor.net/usedcar/bLE/s015/index7.html
RC,情報なし,200t Fスポーツ 純正ナビ　TV　バックカメラ　サンルーフ,239万円,2016(H28),7.3万km,なし,フロア8AT,2000CC,2025-06-17T12:23:05.765310,https://www.carsensor.net/usedcar/bLE/s015/index7.html
RC,情報なし,300 バージョンL CPO認定中古車　ムーンルーフ,534.1万円,2022(R04),0.5万km,なし,フロア8AT,2000CC,2025-06-17T12:23:05.766316,https://www.carsensor.net/usedcar/bLE/s015/index7.html
RC,情報なし,300h Fスポーツ CPO認定中古車　オレンジキャリパー,403.8万円,2018(H30),3.1万km,なし,フロアCVT,2500CC,2025-06-17T12:23:05.768500,https://www.carsensor.net/usedcar/bLE/s015/index7.html
RC,情報なし,300h,411.9万円,2020(R02),3.7万km,なし,フロアCVT,2500CC,2025-06-17T12:23:05.769040,https://www.carsensor.net/usedcar/bLE/s015/index7.html
RC,情報なし,300 エモーショナル アッシュ 特別仕様車　オレンジBキャリパー,494.9万円,2021(R03),1.6万km,なし,フロアMTモード付8AT,2000CC,2025-06-17T12:23:05.770326,https://www.carsensor.net/usedcar/bLE/s015/index7.html
RC,情報なし,350 Fスポーツ 1オーナー/禁煙車/サンルーフ/3眼LEDヘッド,428万円,2022(R04),5万km,なし,フロアMTモード付8AT,3500CC,2025-06-17T12:23:05.771480,https://www.carsensor.net/usedcar/bLE/s015/index7.html
RC,情報なし,350 Fスポーツ PCS・シートヒータ先進ライト車線逸脱警報,479.9万円,2022(R04),1.9万km,なし,フロア8AT,3500CC,2025-06-17T12:23:05.773609,https://www.carsensor.net/usedcar/bLE/s015/index7.html
RC,情報なし,300h バージョンL,485.4万円,2022(R04),1.5万km,なし,フロアCVT,2500CC,2025-06-17T12:23:05.774685,https://www.carsensor.net/usedcar/bLE/s015/index7.html
RC,情報なし,350 Fスポーツ 318PSマクレビ3眼LED黒革エアシートナビTV,244.9万円,2015(H27),7.8万km,なし,フロアMTモード付8AT,3500CC,2025-06-17T12:23:05.775727,https://www.carsensor.net/usedcar/bLE/s015/index7.html
RC,情報なし,300h Fスポーツ ベージュ内装　専用19インチAW　BSM,369.7万円,2018(H30),2.1万km,なし,フロアMTモード付CVT,2500CC,2025-06-17T12:23:05.777816,https://www.carsensor.net/usedcar/bLE/s015/index7.html
RC,情報なし,300 バージョンL,348.1万円,2019(H31),3.2万km,なし,フロアMTモード付8AT,2000CC,2025-06-17T12:23:05.778776,https://www.carsensor.net/usedcar/bLE/s015/index7.html
RC,情報なし,350 バージョンL 革シート,270.6万円,2014(H26),5.2万km,なし,フロア8AT,3500CC,2025-06-17T12:23:05.781590,https://www.carsensor.net/usedcar/bLE/s015/index7.html
RC,情報なし,300h Fスポーツ 革シート 純正ナビ 地デジ バックモニター,295.8万円,2016(H28),4万km,なし,フロアMTモード付CVT,2500CC,2025-06-17T12:23:05.782586,https://www.carsensor.net/usedcar/bLE/s015/index7.html
RC,情報なし,350 Fスポーツ マクレビ赤革3眼LEDプリクラッシュ19AW,259.7万円,2016(H28),5.8万km,なし,フロアMTモード付8AT,3500CC,2025-06-17T12:23:05.783600,https://www.carsensor.net/usedcar/bLE/s015/index7.html
RC,情報なし,350 バージョンL タイヤ4本新品　サンルーフ　TRDマフラー,516.4万円,2022(R04),1.6万km,なし,フロアMTモード付8AT,3500CC,2025-06-17T12:23:05.784581,https://www.carsensor.net/usedcar/bLE/s015/index7.html
RC,情報なし,300h バージョンL,276.2万円,2015(H27),5.5万km,なし,その他AT,2500CC,2025-06-17T12:23:05.787760,https://www.carsensor.net/usedcar/bLE/s015/index7.html
RC,情報なし,300h バージョンL 後期型純正ナビBカメラ茶革TV衝突軽減,380.2万円,2019(H31),3.4万km,なし,フロアMTモード付CVT,2500CC,2025-06-17T12:23:05.789309,https://www.carsensor.net/usedcar/bLE/s015/index7.html
RC,情報なし,300h バージョンL ムーンルーフ　19インチアルミホイール,510.9万円,2022(R04),3万km,なし,フロアMTモード付CVT,2500CC,2025-06-17T12:23:07.459285,https://www.carsensor.net/usedcar/bLE/s015/index8.html
RC,情報なし,350 Fスポーツ R5登録サンルーフ黒革マクレビ3眼op19AW,460万円,2023(R05),4.4万km,なし,フロアMTモード付8AT,3500CC,2025-06-17T12:23:07.460766,https://www.carsensor.net/usedcar/bLE/s015/index8.html
RC,情報なし,350 バージョンL 1オーナー　ダークローズレザー,495.4万円,2022(R04),1.4万km,なし,フロアMTモード付8AT,3500CC,2025-06-17T12:23:07.461812,https://www.carsensor.net/usedcar/bLE/s015/index8.html
RC,情報なし,300h Fスポーツ ムーンルーフ　三眼LED　プリクラッシュ,269.4万円,2016(H28),9万km,なし,フロアMTモード付CVT,2500CC,2025-06-17T12:23:07.462863,https://www.carsensor.net/usedcar/bLE/s015/index8.html
RC,情報なし,300h Fスポーツ 1オーナー SDナビETC 赤革 3眼LEDライト,259.9万円,2015(H27),10万km,なし,フロアMTモード付CVT,2500CC,2025-06-17T12:23:07.465006,https://www.carsensor.net/usedcar/bLE/s015/index8.html
RC,情報なし,300h バージョンL,448万円,2020(R02),3万km,なし,フロアMTモード付CVT,2500CC,2025-06-17T12:23:07.466161,https://www.carsensor.net/usedcar/bLE/s015/index8.html
RC,情報なし,350 バージョンL 純正メーカーナビ・地デジ,422.6万円,2020(R02),3.3万km,あり,フロアMTモード付8AT,3500CC,2025-06-17T12:23:07.466161,https://www.carsensor.net/usedcar/bLE/s015/index8.html
RC,情報なし,300 Fスポーツ プライムブラック,366万円,2018(H30),4.3万km,なし,フロアMTモード付8AT,2000CC,2025-06-17T12:23:07.467617,https://www.carsensor.net/usedcar/bLE/s015/index8.html
RC,情報なし,350 Fスポーツ S/R三眼LEDオレンジキャリパー1オーナー,615万円,2023(R05),0.5万km,なし,フロアMTモード付8AT,3500CC,2025-06-17T12:23:07.468671,https://www.carsensor.net/usedcar/bLE/s015/index8.html
RC,情報なし,300h Fスポーツ マークレビンソン ムーンルーフ,591.9万円,2023(R05),1.4万km,なし,フロアMTモード付CVT,2500CC,2025-06-17T12:23:07.470835,https://www.carsensor.net/usedcar/bLE/s015/index8.html
RC,情報なし,300 Fスポーツ,451.5万円,2021(R03),3.2万km,なし,フロアMTモード付8AT,2000CC,2025-06-17T12:23:07.471882,https://www.carsensor.net/usedcar/bLE/s015/index8.html
RC,情報なし,300 バージョンL,405万円,2019(R01),3.7万km,なし,フロア8AT,2000CC,2025-06-17T12:23:07.471882,https://www.carsensor.net/usedcar/bLE/s015/index8.html
RC,情報なし,350 Fスポーツ,330万円,2015(H27),7.1万km,なし,フロアMTモード付8AT,3500CC,2025-06-17T12:23:07.473109,https://www.carsensor.net/usedcar/bLE/s015/index8.html
RC,情報なし,300h バージョンL LSS+ ナビ ムーンルーフ エアシート,597.8万円,2023(R05),0.9万km,なし,フロアMTモード付CVT,2500CC,2025-06-17T12:23:07.474158,https://www.carsensor.net/usedcar/bLE/s015/index8.html
RC,情報なし,300h Fスポーツ,339万円,2015(H27),3.8万km,なし,フロアMTモード付CVT,2500CC,2025-06-17T12:23:07.475312,https://www.carsensor.net/usedcar/bLE/s015/index8.html
RC,情報なし,200t Fスポーツ,298万円,2015(H27),5.3万km,なし,フロア8AT,1990CC,2025-06-17T12:23:07.476544,https://www.carsensor.net/usedcar/bLE/s015/index8.html
RC,情報なし,300h Fスポーツ ムーンルーフ　プリクラッシュ　黒革シート,269.2万円,2015(H27),9.2万km,なし,フロアMTモード付CVT,2500CC,2025-06-17T12:23:07.477592,https://www.carsensor.net/usedcar/bLE/s015/index8.html
RC,情報なし,300 Fスポーツ CPO認定中古　三眼LEDヒートブルー白本革,636.1万円,2024(R06),694km,なし,フロアMTモード付8AT,2000CC,2025-06-17T12:23:07.478592,https://www.carsensor.net/usedcar/bLE/s015/index8.html
RC,情報なし,300h Fスポーツ レーダークルーズコントロール,370.9万円,2018(H30),4.7万km,なし,フロアCVT,2500CC,2025-06-17T12:23:07.480019,https://www.carsensor.net/usedcar/bLE/s015/index8.html
RC,情報なし,300 Fスポーツ CPO(認定中古車),515.1万円,2020(R02),2.5万km,なし,フロアMTモード付8AT,2000CC,2025-06-17T12:23:07.482114,https://www.carsensor.net/usedcar/bLE/s015/index8.html
RC,情報なし,300h Fスポーツ TRDエアロ&マフラー SDナビ本革サンルーフ,279万円,2016(H28),9.9万km,なし,フロアCVT,2500CC,2025-06-17T12:23:07.482114,https://www.carsensor.net/usedcar/bLE/s015/index8.html
RC,情報なし,300h Fスポーツ プライム ブラック ムーンルーフ・バックガイドモニター,398万円,2018(H30),3.9万km,なし,フロアMTモード付CVT,2500CC,2025-06-17T12:23:07.485326,https://www.carsensor.net/usedcar/bLE/s015/index8.html
RC,情報なし,350 Fスポーツ 電動シート　オートクルーズコントロール,375.5万円,2016(H28),2万km,なし,フロア8AT,3500CC,2025-06-17T12:23:07.486379,https://www.carsensor.net/usedcar/bLE/s015/index8.html
RC,情報なし,300h Fスポーツ AT PS PW　エアB　キーレス　ETC,269万円,2015(H27),8.3万km,あり,フロアCVT,2500CC,2025-06-17T12:23:07.486379,https://www.carsensor.net/usedcar/bLE/s015/index8.html
RC,情報なし,300 エモーショナル アッシュ CPO認定中古車 特別仕様車 ムーンルーフ,533.5万円,2021(R03),4.4万km,なし,フロア8AT,2000CC,2025-06-17T12:23:07.487803,https://www.carsensor.net/usedcar/bLE/s015/index8.html
RC,情報なし,300h Fスポーツ ワンオーナー　サンルーフ　オレンジキャリ,477.5万円,2019(R01),3.4万km,なし,フロアMTモード付CVT,2500CC,2025-06-17T12:23:07.488853,https://www.carsensor.net/usedcar/bLE/s015/index8.html
RC,情報なし,300 Fスポーツ 本革シートヒーター,367.5万円,2018(H30),3.9万km,なし,フロア8AT,2000CC,2025-06-17T12:23:07.489953,https://www.carsensor.net/usedcar/bLE/s015/index8.html
RC,情報なし,300h Fスポーツ RSR車高調/赤革/20インチ社外アルミ/,265万円,2014(H26),8.3万km,あり,フロアMTモード付CVT,2500CC,2025-06-17T12:23:07.491055,https://www.carsensor.net/usedcar/bLE/s015/index8.html
RC,情報なし,300h Fスポーツ 夏冬タイヤ純正アルミ付き　サンルーフ,458万円,2019(R01),5.7万km,なし,フロアCVT,2500CC,2025-06-17T12:23:07.492501,https://www.carsensor.net/usedcar/bLE/s015/index8.html
RC,情報なし,300 Fスポーツ LSS+ SDナビ メモリ-シ-ト エアシ-ト,480万円,2019(R01),4.6万km,なし,フロアMTモード付8AT,2000CC,2025-06-17T12:23:07.493551,https://www.carsensor.net/usedcar/bLE/s015/index8.html
RC,情報なし,300 Fスポーツ 認定中古車 三眼フルLEDヘッドランプ,535.6万円,2020(R02),2.1万km,なし,フロアMTモード付8AT,2000CC,2025-06-17T12:23:08.942809,https://www.carsensor.net/usedcar/bLE/s015/index9.html
RC,情報なし,300 Fスポーツ 認定中古車　ブラインドスポットモニター,505.6万円,2020(R02),5.2万km,なし,フロアMTモード付8AT,2000CC,2025-06-17T12:23:08.944317,https://www.carsensor.net/usedcar/bLE/s015/index9.html
RC,情報なし,300h Fスポーツ 3眼ライト　TRDエアロダイナミクスPKG,568.4万円,2020(R02),3.9万km,なし,フロアMTモード付CVT,2500CC,2025-06-17T12:23:08.945328,https://www.carsensor.net/usedcar/bLE/s015/index9.html
RC,情報なし,350 バージョンL サンルーフ　シートエアコン　ナビCD/DVD,291.3万円,2014(H26),7万km,なし,フロア8AT,3500CC,2025-06-17T12:23:08.946403,https://www.carsensor.net/usedcar/bLE/s015/index9.html
RC,情報なし,300h Fスポーツ サンルーフ 三眼LEDヘッドライト BSM,応談,2019(H31),7.9万km,なし,フロアMTモード付CVT,2500CC,2025-06-17T12:23:08.947883,https://www.carsensor.net/usedcar/bLE/s015/index9.html
RC,情報なし,300h Fスポーツ TRDフルエアロ TRD四本出しマフラー BSM,応談,2016(H28),8.4万km,あり,フロアMTモード付CVT,2500CC,2025-06-17T12:23:08.949384,https://www.carsensor.net/usedcar/bLE/s015/index9.html
